figure,layer,category,before_genes,before_pct,after_genes,after_pct
B,Locus fate,Syntenic 1:1,34444.0,63.37792334443484,34444.0,87.59473068511267
B,Locus fate,Split,28.0,0.05152078311590336,56.0,0.1424139158740654
B,Locus fate,Merge,2805.0,5.161278451432462,1325.0,3.369614973806012
B,Locus fate,Complex,81.0,0.14904226544243473,76.0,0.19327602868623162
B,Locus fate,Unresolved weak-overlap,0.0,0.0,0.0,0.0
B,Locus fate,Strict unmatched,16989.0,31.260235155574367,3421.0,8.699964396521032
