figure,layer,metric,n_pairs,mean_before,mean_after,mean_delta,median_delta,p05_delta,p95_delta,mean_pct_delta,decreased,unchanged,increased,changed,changed_pct
D,Confirmed 1:1 change magnitude,Gene span length,33523,4021.5255496226473,4094.7907406854997,73.26519106285237,0.0,-274.89999999999986,859.7999999999956,2.8864473736457565,3527,20629,9367,12894,38.46314470661933
D,Confirmed 1:1 change magnitude,Model span length,33523,4021.086388449721,4094.7907406854997,73.70435223577842,0.0,-271.0,860.0,2.9059296699067594,3494,20651,9378,12872,38.39751812188646
D,Confirmed 1:1 change magnitude,CDS length,33523,1268.3384541956268,1525.434805954121,257.09635175849417,0.0,0.0,1764.0,18.479889169299756,926,26257,6340,7266,21.67467112131969
D,Confirmed 1:1 change magnitude,Exon count,33523,5.178742952599707,6.5196730602869675,1.3409301076872595,0.0,0.0,9.0,20.082699575020346,607,26281,6635,7242,21.603078483429286
D,Confirmed 1:1 change magnitude,mRNA count,33523,1.0,1.1503445395698475,0.15034453956984756,0.0,0.0,1.0,15.034453956984757,0,29387,4136,4136,12.337797929779553
