figure,layer,category,before_genes,before_pct,after_genes,after_pct
B,Locus fate,Syntenic 1:1,20523.0,84.39774643253692,20523.0,84.9989645889418
B,Locus fate,Split,274.0,1.1267837315458322,559.0,2.315179126113067
B,Locus fate,Merge,1208.0,4.967718057326151,591.0,2.4477117415614
B,Locus fate,Complex,24.0,0.0986963852448904,24.0,0.09939946158624975
B,Locus fate,Unresolved weak-overlap,0.0,0.0,0.0,0.0
B,Locus fate,Strict unmatched,2288.0,9.409055393346218,2448.0,10.138745081797474
