figure,layer,metric,n_pairs,mean_before,mean_after,mean_delta,median_delta,p05_delta,p95_delta,mean_pct_delta,decreased,unchanged,increased,changed,changed_pct
D,Confirmed 1:1 change magnitude,Gene span length,19965,4537.736889556724,4490.1575256699225,-47.5793638868019,0.0,-614.5999999999999,642.7999999999993,1.2812683311923008,2574,15582,1809,4383,21.9534184823441
D,Confirmed 1:1 change magnitude,Model span length,19965,4460.68620085149,4489.886000500876,29.199799649386428,0.0,-207.79999999999995,730.7999999999993,2.280915902263321,1257,16599,2109,3366,16.859504132231404
D,Confirmed 1:1 change magnitude,CDS length,19965,1262.1156523916854,1251.2629601803155,-10.852692211369897,0.0,0.0,0.0,-0.5182782218418295,985,18209,771,1756,8.795391935887803
D,Confirmed 1:1 change magnitude,Exon count,19965,5.861507638367143,5.828349611820686,-0.0331580265464563,0.0,-1.0,1.0,-0.31876394496502397,1534,17368,1063,2597,13.007763586275983
D,Confirmed 1:1 change magnitude,mRNA count,19965,1.0,1.0,0.0,0.0,0.0,0.0,0.0,0,19965,0,0,0.0
