figure,layer,category,before_genes,before_pct,after_genes,after_pct
B,Locus fate,Syntenic 1:1,96298.0,89.0930454171177,96298.0,88.79729268675021
B,Locus fate,Split,3964.0,3.6674160629862977,8401.0,7.7466412164467435
B,Locus fate,Merge,671.0,0.6207962104600924,327.0,0.3015297795236383
B,Locus fate,Complex,358.0,0.33121466966425195,396.0,0.3651553293313785
B,Locus fate,Unresolved weak-overlap,0.0,0.0,0.0,0.0
B,Locus fate,Strict unmatched,6796.0,6.287527639771666,3025.0,2.78938098794803
