figure,layer,metric,n_pairs,mean_before,mean_after,mean_delta,median_delta,p05_delta,p95_delta,mean_pct_delta,decreased,unchanged,increased,changed,changed_pct
D,Confirmed 1:1 change magnitude,Gene span length,21425,3370.2679579929986,3408.82991831972,38.56196032672112,53.0,-1094.0,918.7999999999993,5.630179660991333,4873,3411,13141,18014,84.07934655775962
D,Confirmed 1:1 change magnitude,Model span length,21425,3370.2679579929986,3408.4109218203034,38.14296382730455,53.0,-1094.0,917.5999999999985,5.602164336334673,4874,3411,13140,18014,84.07934655775962
D,Confirmed 1:1 change magnitude,CDS length,21425,1314.2051341890315,3342.2858809801633,2028.0807467911318,0.0,-99.0,9760.799999999996,119.64032003116334,2053,8832,10540,12593,58.777129521586936
D,Confirmed 1:1 change magnitude,Exon count,21425,5.931808634772462,16.898203033838975,10.96639439906651,0.0,-1.0,58.0,111.11597790149435,1791,10013,9621,11412,53.26487747957993
D,Confirmed 1:1 change magnitude,mRNA count,21425,1.0,2.2622170361726957,1.2622170361726954,0.0,0.0,6.0,126.22170361726954,0,12628,8797,8797,41.05950991831972
