figure,layer,category,before_genes,before_pct,after_genes,after_pct
B,Locus fate,Syntenic 1:1,22873.0,80.00909472505947,22873.0,67.26165970711051
B,Locus fate,Split,1441.0,5.040576465649923,3128.0,9.198376757042876
B,Locus fate,Merge,547.0,1.9133902336644744,267.0,0.7851555607833911
B,Locus fate,Complex,48.0,0.16790261648244018,52.0,0.1529141916132447
B,Locus fate,Unresolved weak-overlap,0.0,0.0,0.0,0.0
B,Locus fate,Strict unmatched,3679.0,12.869035959143696,7686.0,22.60189378344998
