figure,layer,metric,n_pairs,mean_before,mean_after,mean_delta,median_delta,p05_delta,p95_delta,mean_pct_delta,decreased,unchanged,increased,changed,changed_pct
D,Confirmed 1:1 change magnitude,Gene span length,93658,3067.8360310918447,3009.9004249503514,-57.935606141493516,0.0,-758.1499999999996,505.0,1.1517618151283258,20438,51618,21602,42040,44.88671549680753
D,Confirmed 1:1 change magnitude,Model span length,93658,3067.8360310918447,3005.1118644429735,-62.724166648871424,0.0,-775.0,499.0,1.0374215527229833,20584,51620,21454,42038,44.88458006790664
D,Confirmed 1:1 change magnitude,CDS length,93658,1142.3454056247197,1269.5337718080677,127.18836618334792,0.0,-171.0,1086.0,10.923141206868209,11264,70458,11936,23200,24.77097525037904
D,Confirmed 1:1 change magnitude,Exon count,93658,5.418981827500053,6.7780755514745135,1.3590937239744603,0.0,-1.0,8.0,14.076988364472347,7386,74138,12134,19520,20.841786072732706
D,Confirmed 1:1 change magnitude,mRNA count,93658,1.0,1.164513442524931,0.16451344252493114,0.0,0.0,1.0,16.45134425249311,0,84846,8812,8812,9.408699737342245
