figure,layer,category,before_genes,before_pct,after_genes,after_pct
B,Locus fate,Syntenic 1:1,29305.0,97.09751167953348,29305.0,92.2992125984252
B,Locus fate,Split,678.0,2.2464464398131274,1454.0,4.579527559055118
B,Locus fate,Merge,66.0,0.21868062688446374,33.0,0.10393700787401576
B,Locus fate,Complex,6.0,0.019880056989496703,6.0,0.01889763779527559
B,Locus fate,Unresolved weak-overlap,0.0,0.0,0.0,0.0
B,Locus fate,Strict unmatched,126.0,0.4174811967794308,952.0,2.998425196850394
