figure,layer,metric,n_pairs,mean_before,mean_after,mean_delta,median_delta,p05_delta,p95_delta,mean_pct_delta,decreased,unchanged,increased,changed,changed_pct
D,Confirmed 1:1 change magnitude,Gene span length,24639,4304.296278258046,4284.209627014084,-20.086651243962823,0.0,-413.0999999999999,431.09999999999854,1.094867213675252,3476,17526,3637,7113,28.868866431267502
D,Confirmed 1:1 change magnitude,Model span length,24639,4285.302528511709,4282.038881448111,-3.2636470635983605,0.0,-384.0999999999999,432.0,1.1591504870012583,3533,17457,3649,7182,29.148910264215267
D,Confirmed 1:1 change magnitude,CDS length,24639,1175.2161207841227,1167.0138804334592,-8.202240350663581,0.0,0.0,0.0,-0.13443539299772558,882,23445,312,1194,4.845975891878728
D,Confirmed 1:1 change magnitude,Exon count,24639,5.092536223061001,5.229757701205406,0.13722147814440522,0.0,0.0,1.0,5.2274839304398295,650,20366,3623,4273,17.34242461138845
D,Confirmed 1:1 change magnitude,mRNA count,24639,1.0,1.0,0.0,0.0,0.0,0.0,0.0,0,24639,0,0,0.0
