figure,layer,metric,n_pairs,mean_before,mean_after,mean_delta,median_delta,p05_delta,p95_delta,mean_pct_delta,decreased,unchanged,increased,changed,changed_pct
D,Confirmed 1:1 change magnitude,Gene span length,32163,3190.196312533035,3097.9272455927617,-92.26906694027298,0.0,-813.8999999999999,390.0,0.1567729954434406,6301,21514,4348,10649,33.10947361875447
D,Confirmed 1:1 change magnitude,Model span length,32163,3190.073749339303,3097.9263750272053,-92.14737431209775,0.0,-812.0,390.0,0.1643616196026527,6294,21519,4350,10644,33.093927805242046
D,Confirmed 1:1 change magnitude,CDS length,32163,2079.9910456114167,1923.0690545036223,-156.92199110779467,0.0,-1428.0,1050.0,2.7064102252888858,5491,22520,4152,9643,29.98165594005534
D,Confirmed 1:1 change magnitude,Exon count,32163,10.595560115660852,9.753008114914653,-0.8425520007461991,0.0,-6.0,6.0,4.594981111460642,4208,23870,4085,8293,25.784286291701648
D,Confirmed 1:1 change magnitude,mRNA count,32163,1.6413269906414203,1.6282685072909866,-0.013058483350433728,0.0,-1.0,1.0,5.975115527183486,2128,26849,3186,5314,16.52209060100115
