species_id	Species	total_before_genes	total_after_genes	changed_before_genes	changed_before_pct	changed_after_genes	changed_after_pct	new_loci_no_overlap	deleted_loci_no_overlap	split_events	merge_events	rep_transcript_pairs	rep_structural_changed	rep_structural_changed_pct	rep_exon_changed	rep_exon_changed_before_pct	rep_exon_changed_after_pct	rep_exon_count_changed	rep_exon_boundary_changed_same_count	rep_cds_count_changed	rep_cds_boundary_changed_same_count
Artemisia_annua	A. annua	54,347	39,322	35,415	65.16459050177563	20,390	51.85392401200346	2,747	14,956	28	1,325	34,444	14,127	41.014400185808846	13,757	25.313264761624378	34.985504297848536	4,038	9,719	2,613	1,223
Cucumber	Cucumber	24,317	24,145	7,936	32.6356047209771	7,764	32.15572582315179	1,710	1,324	274	591	20,523	4,142	20.18223456609657	4,142	17.033351153514005	17.1546904120936	2,834	1,308	1,750	564
Fragaria_ananassa	F. ananassa	108,087	108,447	57,233	52.95086365612885	57,593	53.10704768227797	1,679	2,551	3,964	327	96,298	45,362	47.1058588963426	45,361	41.96711908000037	41.827805287375405	16,404	28,957	14,530	6,555
Fragaria_vesca	F. vesca	28,588	34,006	25,753	90.08325171400588	31,171	91.66323589954712	6,699	2,130	1,441	267	22,873	19,876	86.89721505705417	19,875	69.52217713726039	58.445568429100746	5,543	14,332	4,383	3,186
Peach	Peach	30,181	31,750	3,620	11.994301050329678	5,189	16.34330708661417	607	15	678	33	29,305	2,464	8.408121480975943	2,463	8.160763394188397	7.757480314960629	1,645	818	1,797	244
Pineapple	Pineapple	26,162	26,625	17,403	66.5201437198991	17,866	67.10234741784038	809	167	205	288	24,870	16,111	64.78086047446723	16,110	61.577861019799705	60.50704225352113	4,410	11,700	1,073	251
Rice	Rice	39,406	40,325	21,991	55.80622240267979	22,910	56.81339119652821	3,263	2,725	746	498	32,478	12,042	37.077406244226864	11,864	30.107090290818654	29.420954742715438	4,661	7,203	4,199	2,014
