species_id,Species,total_before_genes,total_after_genes,changed_before_genes,changed_before_pct,changed_after_genes,changed_after_pct,new_loci_no_overlap,deleted_loci_no_overlap,split_events,merge_events,rep_transcript_pairs,rep_structural_changed,rep_structural_changed_pct,rep_exon_changed,rep_exon_changed_before_pct,rep_exon_changed_after_pct,rep_exon_count_changed,rep_exon_boundary_changed_same_count,rep_cds_count_changed,rep_cds_boundary_changed_same_count
Artemisia_annua,A. annua,54347,39322,35559,65.42955452922884,20534,52.220131224251055,2624,14437,57,2018,32118,11986,37.31863752412977,11618,21.377444937163045,29.545801332587356,2574,9044,1613,990
Cucumber,Cucumber,24317,24145,8960,36.84665049142576,8788,36.39676951749845,1606,1142,468,675,19179,2918,15.214557589029669,2918,11.999835506024592,12.085317871194864,2018,900,1128,317
Fragaria_ananassa,F. ananassa,108087,108447,57672,53.35701795775625,58032,53.51185371656201,1566,1928,4119,415,90847,40352,44.417537177892505,40351,37.33196406598388,37.20803710568296,13172,27179,12008,6105
Fragaria_vesca,F. vesca,28588,34006,25767,90.13222331047992,31185,91.70440510498148,6305,1966,1580,331,20538,17561,85.50491771350667,17560,61.42437386315937,51.63794624478033,4029,13531,3285,2838
Peach,Peach,30181,31751,3623,12.004241078824426,5193,16.35539038140531,563,7,774,32,28732,1916,6.668522901294724,1915,6.345051522481031,6.031306100595256,1222,693,1448,158
Pineapple,Pineapple,26162,26657,11384,43.51349285222842,11879,44.56240387140338,757,112,253,296,23797,8961,37.65600705971341,8958,34.240501490711715,33.604681697115204,3893,5065,799,198
Rice,Rice,39406,40326,22065,55.99401106430493,22985,56.997966572434656,3155,2556,812,531,30753,10512,34.18203102136377,10336,26.229508196721312,25.631106482170313,3625,6711,3391,1801
